{
  "associations": [
    {
      "embedding": [
        0.04645982708893832,
        0.00845791141573036,
        0.00845791141573036,
        0.422895570786518,
        0.0422895570786518,
        0.422895570786518,
        0.0,
        0.038060601370786616,
        0.0211447785393259,
        0.422895570786518,
        0.0,
        0.038060601370786616,
        0.0,
        0.0,
        0.0,
        0.0,
        0.0845791141573036,
        0.0422895570786518,
        0.0,
        0.0,
        0.0,
        0.0,
        0.211447785393259,
        0.0,
        0.0,
        0.0,
        0.0,
        0.211447785393259,
        0.0,
        0.0,
        0.0,
        0.0,
        0.0,
        0.0,
        0.0,
        0.0,
        0.422895570786518,
        0.0,
        0.422895570786518,
        0.0,
        0.0,
        0.0,
        0.0,
        0.0,
        0.0,
        0.0,
        0.0,
        0.0,
        0.0,
        0.0,
        0.0,
        0.0,
        0.0,
        0.0,
        0.0,
        0.0,
        0.0,
        0.0,
        0.0,
        0.0,
        0.0,
        0.0,
        0.0,
        0.0
      ],
      "valence": 0.803034316960994,
      "arousal": 0.7454285626679177
    },
    {
      "embedding": [
        0.04992855968380664,
        0.010804752818183471,
        0.007203168545455648,
        0.3601584272727824,
        0.05402376409091736,
        0.3601584272727824,
        0.0,
        0.043219011272733886,
        0.036015842727278244,
        0.3601584272727824,
        0.0,
        0.09364119109092343,
        0.018007921363639122,
        0.3601584272727824,
        0.0,
        0.043219011272733886,
        0.10804752818183472,
        0.05402376409091736,
        0.3601584272727824,
        0.0,
        0.12005280909092746,
        0.12005280909092746,
        0.0,
        0.0,
        0.0,
        0.12005280909092746,
        0.12005280909092746,
        0.0,
        0.0,
        0.0,
        0.007203168545455648,
        0.0,
        0.0,
        0.0,
        0.0,
        0.0,
        0.3601584272727824,
        0.0,
        0.3601584272727824,
        0.0,
        0.0,
        0.0,
        0.0,
        0.0,
        0.0,
        0.0,
        0.0,
        0.0,
        0.0,
        0.0,
        0.0,
        0.0,
        0.0,
        0.0,
        0.0,
        0.0,
        0.0,
        0.0,
        0.0,
        0.0,
        0.0,
        0.0,
        0.0,
        0.0
      ],
      "valence": 0.686777085717412,
      "arousal": 0.728442314815569
    },
    {
      "embedding": [
        0.09573621397003594,
        0.04949343239778131,
        0.02121147102762056,
        0.35352451712700933,
        0.24746716198890653,
        0.2525175122335781,
        0.0,
        0.2757491233590673,
        0.22979093613255608,
        0.3263303235018548,
        0.0,
        0.17322701339223456,
        0.2121147102762056,
        0.35352451712700933,
        0.0,
        0.03535245171270094,
        0.1296256562799034,
        0.08838112928175233,
        0.1178415057090031,
        0.0,
        0.05050350244671562,
        0.05050350244671562,
        0.0,
        0.02525175122335781,
        0.02525175122335781,
        0.05050350244671562,
        0.05050350244671562,
        0.0,
        0.02525175122335781,
        0.02525175122335781,
        0.0035352451712700934,
        0.007070490342540187,
        0.01060573551381028,
        0.0,
        0.0,
        0.0,
        0.0,
        0.0,
        0.35352451712700933,
        0.0,
        0.35352451712700933,
        0.0,
        0.0,
        0.0,
        0.0,
        0.0,
        0.0,
        0.0,
        0.0,
        0.0,
        0.0,
        0.0,
        0.0,
        0.0,
        0.0,
        0.0,
        0.0,
        0.0,
        0.0,
        0.0,
        0.0,
        0.0,
        0.0,
        0.0
      ],
      "valence": 0.7144956249999999,
      "arousal": 0.7538800625
    },
    {
      "embedding": [
        0.1235509096210727,
        0.1688125796510956,
        0.06138639260039841,
        0.2762387667017928,
        0.306931963001992,
        0.19950577595129482,
        0.0,
        0.0,
        0.306931963001992,
        0.2915853648518924,
        0.0,
        0.2578228489216733,
        0.306931963001992,
        0.306931963001992,
        0.015346598150099602,
        0.19950577595129482,
        0.1381193833508964,
        0.1688125796510956,
        0.153465981500996,
        0.005580581145490764,
        0.005580581145490764,
        0.039064068018435344,
        0.022322324581963055,
        0.016741743436472292,
        0.011161162290981528,
        0.005580581145490764,
        0.039064068018435344,
        0.022322324581963055,
        0.016741743436472292,
        0.011161162290981528,
        0.0030693196300199204,
        0.012277278520079682,
        0.015346598150099602,
        0.01841591778011952,
        0.021485237410139444,
        0.024554557040159363,
        0.027623876670179282,
        0.030693196300199205,
        0.0,
        0.0,
        0.0,
        0.0,
        0.0,
        0.306931963001992,
        0.0,
        0.306931963001992,
        0.0,
        0.0,
        0.0,
        0.0,
        0.0,
        0.0,
        0.0,
        0.0,
        0.0,
        0.0,
        0.0,
        0.0,
        0.0,
        0.0,
        0.0,
        0.0,
        0.0,
        0.0
      ],
      "valence": 1.0,
      "arousal": 0.8
    }
  ],
  "cognitive_state": {
    "valence": 0.41944623110212287,
    "arousal": 0.4228646820925485
  }
}