{
  "기뻤어": 0.78528,
  "좋았어": 0.8,
  "사랑": 1.0,
  "감사": 0.7,
  "행복": 0.92256,
  "맛있": 0.6161487999999999,
  "enjoy": 0.6304,
  "love": 1.0,
  "great": 0.8,
  "happy": 0.78528,
  "짜증": -0.63392,
  "화났": -0.9,
  "슬퍼": -1.0,
  "무서": -0.7,
  "지쳤": -0.6,
  "우울": -0.5312,
  "sad": -1.0,
  "angry": -0.9,
  "tired": -0.6,
  "annoy": -0.8
}